,title,view,like,unlike,comment,date,token2
0,속편한 음식 땡길 땐 트러플전복죽 김치낙지죽 육쪽마늘죽 리얼사운드 먹방 | 본죽 모월인 소주 | juk EATING SHOW MUKBANG,31857.0,953.0,14.0,165.0,2020. 12. 16.,"['전복죽', '낙지', '리얼', '사운드', '김치', '소주', '속편', '마늘', '음식', '모월']"
1,열라면에 해물듬뿍 넣고 추운날 야외 리얼사운드 먹방 | 문어 순두부 열라면 | Spicy Octopus Ramyeon EATING SHOW MUKBANG REAL SOUND,134018.0,4100.0,76.0,445.0,2020. 12. 14.,"['리얼', '사운드', '순두부', '열라면', '해물', '야외']"
2,엽떡에 곱창 조합 미쳤네요 엽기떡볶이 매운맛 리얼사운드 먹방 | 천사곱창 김말이 | MOST SPICY TTEOKBOKI EATING SHOW MUKBANG,132150.0,3100.0,61.0,206.0,최초 공개: 2020. 12. 12.,"['리얼', '사운드', '매운맛', '곱창', '엽기', '떡볶이', '조합']"
3,후라이드 치킨이 신메뉴라고요?! 리얼사운드 먹방 | 교촌 리얼후라이드 교촌버거 마라떡볶이 레드라거 | Korean Fried Chicken EATING SHOW MUKBANG,326402.0,4600.0,136.0,441.0,최초 공개: 2020. 12. 9.,"['리얼', '메뉴', '사운드', '이드', '후라', '떡볶이', '마라', '치킨', '레드']"
4,편의점 컵라면 도시락 디저트 리얼사운드 먹방 | convenience store food in Korea EATING SHOW MUKBANG,186052.0,3800.0,79.0,460.0,2020. 11. 30.,"['리얼', '사운드', '도시락', '디저트', '편의점', '라면']"
5,간장게장 양념게장 만족감 폭발  리얼사운드 먹방 | Soy sauce marinated raw crab | EATING SHOW MUKBANG REAL SOUND,377912.0,9300.0,165.0,807.0,2020. 11. 25.,"['양념', '리얼', '사운드', '만족감', '게장', '폭발', '간장']"
6,맘스터치 New후라이드통다리 리얼사운드 먹방 | 신메뉴 리얼비프버거 알룰로스 양념치킨 | Fried Chicken & spicy chicken EATING SHOW MUKBANG,286186.0,4600.0,121.0,471.0,2020. 11. 21.,"['리얼', '터치', '사운드', '다리', '메뉴', '양념', '이드', '로스', '비프', '후라', '치킨']"
7,BBQ치본스테이크 신메뉴 리얼사운드 먹방 | Korean Chicken EATING SHOW MUKBANG REALSOUND,404944.0,7100.0,233.0,1323.0,2020. 11. 17.,"['리얼', '메뉴', '사운드', '치본', '스테이크']"
8,연어초밥 듬뿍에 오독오독 광어회 먹방,296045.0,6400.0,128.0,578.0,2020. 11. 15.,"['초밥', '연어', '광어']"
9,튀긴 통삼겹에 김장김치 쫙쫙찢어 리얼사운드 먹방 | 새오프닝송 | KIMCHI & Fried Pork belly EATING SHOW | REAL SOUND MUKBANG,303852.0,6500.0,140.0,623.0,2020. 11. 13.,"['리얼', '사운드', '김장', '김치', '오프닝']"
10,방음부스 보낸기념으로 짜장면 짬뽕 탕수육 먹방,183480.0,4600.0,74.0,560.0,2020. 11. 3.,"['짜장면', '짬뽕', '방음', '기념', '부스', '탕수육']"
11,멕시카나 꿀조합 치킨 먹방,128663.0,3100.0,65.0,528.0,2020. 11. 2.,"['치킨', '조합']"
12,"치킨 연구원분이 직접 튀겨주신 신메뉴를 먹어봤습니다 | 신호등치킨을 만들게 된 이유, 연구원의 최애부위는? | 멕시카나 모두의마요",306294.0,7300.0,159.0,1583.0,최초 공개: 2020. 10. 28.,"['모두', '메뉴', '이유', '연구원', '부위', '신호등', '주신', '치킨']"
13,입짧은햇님이 시키는대로 먹어봤습니다 | 대창폭탄 닭볶음탕,562843.0,16000.0,194.0,1443.0,최초 공개: 2020. 10. 23.,"['닭볶음탕', '폭탄', '대창', '햇님']"
14,육식맨님의 초대로 24시간을 굶었습니다 | 고든램지 통삼겹,1056539.0,25000.0,587.0,3229.0,최초 공개: 2020. 10. 16.,"['시간', '육식', '초대']"
15,내가 다시 시작할 수 있는 이유,742329.0,44000.0,747.0,7721.0,최초 공개: 2020. 10. 12.,"['이유', '시작']"
16,뒷광고 논란에 대한 해명 및 전할 말씀이 있습니다,3250143.0,8000.0,3300.0,19072.0,2020. 8. 9.,"['말씀', '광고', '논란', '해명']"
17,"유튜브 뒷광고 실태, 아는 만큼 말씀드리겠습니다 | 중간남",2745998.0,55000.0,1900.0,8477.0,2020. 8. 1.,"['실태', '광고', '말씀', '튜브', '중간']"
18,딸이 선물받은 킹크랩 같이먹는 리얼사운드 먹방 | King crab EATING SHOW MUKBANG REAL SOUND,697546.0,11000.0,346.0,1810.0,2020. 7. 30.,"['리얼', '사운드', '선물', '킹크']"
19,"편의점 마카롱 미쳤네요! 편스토랑, 오모리김치찌개 리얼사운드 먹방 | Korean Convenience Store Foods Real Sound Mukbang Eating Show",571774.0,8900.0,195.0,1463.0,최초 공개: 2020. 7. 26.,"['모리', '리얼', '김치찌개', '사운드', '마카롱', '편의점']"
20,"밥도둑 전복장에 뚱땡이 꼬마김밥, 광어회 리얼사운드 먹방! | Soy Sauce Marinated Abalone, Kimbap, Sashimi REAL SOUND MUKBANG!",381198.0,6200.0,151.0,628.0,2020. 7. 22.,"['리얼', '사운드', '광어', '밥도둑', '김밥', '복장', '꼬마']"
21,수박에 초장 찍어먹어보라는데 이거 현피각인가요? | 긍정부스터,128334.0,2500.0,44.0,366.0,2020. 7. 18.,"['수박', '부스터', '피각', '초장', '긍정']"
22,호떡토스트집 창업할건데 이름 추천 받아요 | 긍정부스터,230098.0,3500.0,56.0,367.0,2020. 7. 18.,"['부스터', '창업', '호떡', '긍정', '추천', '토스트', '이름']"
23,피자나라 치킨공주 더블포테이토 핫리치셋트 리얼사운드 먹방 | Pizza & Chicken EATING SHOW MUKBANG,812192.0,12000.0,275.0,1190.0,2020. 7. 13.,"['포테이토', '사운드', '더블', '피자', '공주', '리치', '나라', '치킨']"
24,통스팸 불마왕 라면에 수르스트뢰밍 리얼사운드 먹방! | Most spicy ramen & Surstromming EATING SHOW MUKBANG REALSOUND,370816.0,6400.0,124.0,514.0,최초 공개: 2020. 7. 10.,"['리얼', '마왕', '사운드', '라면']"
25,"설빙, 소리만 들어도 시원~~해지는 리얼사운드 먹방! 인절미 빙수, 인절미 토스트, 피자치즈떡볶이, 한입붕어빵 | Bingsu EATING SHOW MUKBANG!",340701.0,5600.0,133.0,965.0,2020. 7. 7.,"['리얼', '사운드', '소리', '피자', '인절미', '시원', '해지', '빙수', '토스트', '치즈', '붕어', '떡볶이', '한입']"
26,황금올리브 스타일 시장통닭 리얼사운드 먹방 | 올라프 홍라프 | 생방송 긍정부스터 | Old korean chicken EATING SHOW MUKBANG!,156486.0,2700.0,55.0,255.0,2020. 7. 3.,"['리얼', '사운드', '부스터', '황금', '통닭', '생방송', '올리브', '시장', '긍정', '스타일', '라프']"
27,중국당면 느낌의 납작칼떡볶이 직접 만들어먹는 리얼사운드 먹방 | 핫도그 | Wide spicy Tteokbokki EATING SHOW MUKBANG REAL SOUND,213775.0,4500.0,73.0,396.0,최초 공개: 2020. 7. 1.,"['리얼', '사운드', '당면', '중국', '떡볶이', '핫도그', '느낌']"
28,"김치전에 통삼겹, 소세지를 넣어 홍정식을 만들어봄 | 비오는날 김치전 감자전 | 통삼겹 소세지 쿡방 먹방 | 긍정부스터",77942.0,1700.0,33.0,169.0,최초 공개: 2020. 6. 29.,"['김치', '부스터', '감자전', '긍정', '소세지', '정식']"
29,"짜장면 냉면, 칠리새우 꿔바로우 빠삭하게 튀긴 리얼사운드 먹방 | ASMR MUKBANG EATING SHOW REAL SOUND",387416.0,6200.0,123.0,645.0,최초 공개: 2020. 6. 27.,"['리얼', '사운드', '새우', '냉면', '짜장면']"
30,파맛 첵스 치킨과 설렁탕에 말아먹었습니다 상상도 못했던 맛 | 긍정부스터,182634.0,2500.0,50.0,318.0,최초 공개: 2020. 6. 26.,"['부스터', '긍정', '상상도', '설렁탕', '치킨']"
31,비오는날 밤 혼자 라면 끓여먹는데 자고 있던 아내가 나왔다 | 열라면에 맥주한잔 | 리얼사운드 ASMR | 부부의 일상대화,696280.0,8600.0,171.0,965.0,2020. 6. 24.,"['한잔', '리얼', '사운드', '열라면', '부부', '아내', '대화', '혼자', '맥주', '일상']"
32,고원정식 먹다가 아내에게 꼰대소리 들음 ㅠ,225812.0,4100.0,57.0,367.0,최초 공개: 2020. 6. 22.,"['소리', '꼰대', '고원', '아내', '정식']"
33,라면땅 핫도그에 짜파게티 삼양라면 스프를 뿌려먹는 리얼사운드 먹방 | 제일 잘 어울리는 스프는 뭘까? | Fried ramen Corndog EATING SHOW MUKBANG,299648.0,6400.0,109.0,750.0,2020. 6. 19.,"['리얼', '사운드', '제일', '라면', '삼양', '스프', '무엇', '핫도그']"
34,크림진짬뽕에 완벽한 스테이크 리얼사운드 먹방 | 리버스시어링 채끝스테이크 | Cream spicy cheese noodles EATING SHOW MUKBANG,451688.0,8100.0,143.0,682.0,2020. 6. 17.,"['리얼', '사운드', '크림', '완벽', '채끝', '스테이크', '리버스', '시어링', '짬뽕']"
35,BBQ 자메이카 통다리구이 신메뉴 치즈볼4개 리얼사운드 먹방 | KOREAN BBQ CHICKEN LEGS EATING SHOW MUKBANG,695136.0,1000.0,262.0,1515.0,2020. 6. 14.,"['리얼', '메뉴', '사운드', '다리', '구이', '자메이카', '치즈']"
36,"집밥 제대로 먹기! 우렁쌈장 갈비찜에 김치찌개 배추에 싸서 한 입 가득 리얼사운드 먹방 | Galbijjim, Kimchi Jjigae EATING SHOW MUKBANG",92976.0,4600.0,54.0,380.0,2020. 6. 11.,"['리얼', '김치찌개', '사운드', '배추', '갈비찜']"
37,통삼겹 진비빔면 열무김치와 후루룩! 또 먹고 싶은 리얼사운드 먹방 | Pork belly & Jinbibimmyeon EATING SHOW MUKBANG,276584.0,5300.0,113.0,660.0,2020. 6. 9.,"['리얼', '무김치', '사운드', '비빔']"
38,딸이 만들어준 생크림듬뿍 과일샌드위치 리얼사운드 먹방! | Fruit Sandwich EATING SHOW MUKBANG,783202.0,13000.0,264.0,1081.0,2020. 6. 5.,"['리얼', '사운드', '생크림', '과일', '샌드위치']"
39,게딱지장에 김부각 리얼사운드 조합 먹방 | 계란장 열무김치 계란말이 크래미 | Crab Innards EATING SHOW MUKBANG REALSOUND KOREAN FOOD,202327.0,3800.0,65.0,385.0,2020. 6. 3.,"['리얼', '사운드', '게딱지', '계란', '무김치', '김부각', '계란장', '조합']"
40,파삼겹살에 볶음밥 리얼사운드 먹방 | 청주 봉용불고기 쌈채소 | Spicy Bulgogi EATING SHOW | MUKBANG | KOREAN FOOD,149649.0,3100.0,49.0,406.0,2020. 5. 31.,"['청주', '리얼', '사운드', '채소', '불고기', '볶음밥', '삼겹살']"
41,고기에서 이런 향이 나?! 드라이에이징 스테이크 먹방 | 50 days Dry aging Steak EATING SHOW | MUKBANG,165307.0,3100.0,79.0,431.0,2020. 5. 29.,"['드라이', '에이징', '스테이크', '고기']"
42,통연어 1.5kg 리얼사운드 먹방 | 연어자르는 소리 들어봤어요? | Raw Salmon EATING SHOW MUKBANG,803403.0,14000.0,317.0,1490.0,2020. 5. 27.,"['리얼', '사운드', '소리', '연어']"
43,진짜장 미쳤네... 파김치에 고추치킨 치즈볼 올려서 리얼사운드 먹방 | Jjajangmyeon & Chicken EATING SHOW | REAL SOUND | MUKBANG,262655.0,5800.0,103.0,553.0,2020. 5. 25.,"['리얼', '사운드', '파김치', '고추', '치즈', '진짜', '치킨']"
44,신메뉴 까르보불닭치킨에 순살치밥 리얼사운드 먹방 | 멕시카나 불닭치킨 허니벌꿀 | Carbonara buldak chicken EATING SHOW | MUKBANG,380649.0,5800.0,127.0,627.0,2020. 5. 23.,"['리얼', '메뉴', '사운드', '벌꿀', '살치', '보불', '치킨']"
45,치즈폭포 까르보불닭볶음면에 팽이버섯 닭다리 리얼사운드 먹방 | Cheese Carbonara Buldak Spicy noodles ASMR MUKBANG | REAL SOUND,453445.0,8600.0,151.0,818.0,2020. 5. 21.,"['닭다리', '리얼', '사운드', '팽이', '버섯', '닭볶음', '폭포', '보불', '치즈']"
46,1000번 저은 계란후라이를 갓구운 크로와상에 똭! 리얼사운드 먹방! | 계란후라이 크로와상,1737432.0,21000.0,555.0,2093.0,2020. 5. 19.,"['리얼', '사운드', '계란후라이', '후라이', '계란']"
47,청주 학생들의 성지 동그라미 분식 전메뉴 리얼사운드 먹방 | 비빔냉면 햄버거 | old Bibim Naengmyeon Hamburger | MUKBANG | REAL SOUND,168868.0,3300.0,61.0,575.0,2020. 5. 16.,"['청주', '성지', '메뉴', '리얼', '사운드', '냉면', '학생', '분식', '햄버거', '동그라미', '비빔']"
48,최애 치킨꼬치 리얼사운드 먹방 | 고추바사삭 슈프림양념 국물떡볶이 모듬튀김 Chili Pepper Chicken Eating show ASMR MUKBANG REALSOUND,273086.0,8900.0,139.0,681.0,2020. 5. 15.,"['튀김', '리얼', '사운드', '양념', '치킨', '모듬', '프림', '국물', '고추', '떡볶이', '꼬치']"
49,진진짜라에 파김치 통삽겹 계란후라이 새우튀김 리얼사운드 먹방 |  Belly pork Jjajangmyeon EATING SHOW | ASMR MUKBANG | REAL SOUND,1243315.0,21000.0,461.0,2796.0,2020. 5. 12.,"['리얼', '사운드', '새우', '계란', '파김치', '튀김', '후라이', '진짜']"
50,"치즈폭포 신전떡볶이에 치즈폭포 신전김밥 감자튀김 참치마요컵밥 리얼사운드 먹방 Sinjeon Tteokbokki with Cheese Waterfall, Kimbap MUKBANG",485929.0,1000.0,208.0,1119.0,2020. 5. 9.,"['리얼', '사운드', '참치', '김밥', '폭포', '감자', '튀김', '떡볶이', '치즈', '신전']"
51,BBQ 신메뉴 핫황금올리브 크리스피 블랙페퍼 레드 찐킹 리얼사운드 먹방 | BBQ KOREAN CHICKEN EATING SHOW | ASMR MUKBANG | REAL SOUND,1063403.0,16000.0,352.0,1962.0,2020. 5. 7.,"['리얼', '메뉴', '블랙', '사운드', '크리스피', '황금', '올리브', '레드']"
52,KFC 도넛버거 펭수 던킨도너츠 리얼사운드 먹방 | KFC Donut burger EATING SHOW | ASMR MUKBANG | REAL SOUND,535946.0,1000.0,247.0,1736.0,2020. 5. 4.,"['리얼', '사운드', '도너츠', '도넛']"
53,"유튜버분들께는 멘토링과 지원금을, 작은기업에게는 홍보의 기회를 드리는 오크리에이터스 공모전 혹시 들어보셨나요?!",21663.0,583.0,10.0,86.0,2020. 5. 4.,"['공모전', '지원금', '홍보', '크리', '기회', '기업', '멘토링']"
54,BHC 핫후라이드를 시켰는데 그냥 후라이드를 가져다 준거 같다는 제보가 와서 비교 리얼사운드 먹방 Spicy fried chicken EATING SHOW ASMR MUKBANG,711141.0,9400.0,213.0,1192.0,2020. 5. 2.,"['리얼', '사운드', '이드', '준거', '비교', '후라', '제보']"
55,이삭 신메뉴 불닭토스트 딥치즈베이컨토스트 리얼사운드 먹방 | Fire Chicken & Deep Cheese Bacon Toast EATING SHOW | ASMR MUKBANG,526006.0,1000.0,177.0,1576.0,2020. 4. 29.,"['리얼', '메뉴', '사운드', '이삭', '토스트', '치즈', '베이컨']"
56,스팸김치찌개에 대왕계란말이 리얼사운드 먹방 | Spam Kimchi Stew & Egg Roll EATING SHOW | ASMR MUKBANG | REALSOUND,351394.0,6700.0,135.0,850.0,2020. 4. 26.,"['리얼', '김치찌개', '사운드', '대왕']"
57,교촌 신메뉴 신화치킨과 레드콤보 허니콤보 리얼사운드 먹방 | Sweet&Spicy Kyochon chicken EATING SHOW | ASMR MUKBANG | REALSOUND,951202.0,16000.0,443.0,2741.0,2020. 4. 23.,"['리얼', '메뉴', '사운드', '허니콤', '치킨', '신화', '레드']"
58,"롯데리아 혼닭, 시장통닭 전문가인 제가 먹어봤습니다 리얼사운드 먹방 | Lotteria Solo Chicken EATING SHOW | ASMR MUKBANG | REALSOUND",770817.0,1000.0,273.0,1407.0,2020. 4. 21.,"['리얼', '사운드', '통닭', '제가', '전문가', '시장']"
59,얼갈이열무김치 비빔밥에 된장찌개 불고기 반숙계란후라이까지 제대로 한식 리얼사운드 먹방 | Bibimbab bulgogi ASMR MUKBANG | REAL SOUND,162318.0,3400.0,63.0,307.0,2020. 4. 18.,"['리얼', '반숙', '사운드', '얼갈이', '비빔밥', '무김치', '불고기', '된장찌개', '후라이', '한식', '계란']"
60,짜파게티에 노른자 파김치 스테이크 양념치킨 리얼사운드 먹방 | Chapagetti & Spicy chicken EATING SHOW | ASMR MUKBANG REAL SOUND,505172.0,9100.0,179.0,815.0,2020. 4. 16.,"['양념', '리얼', '사운드', '노른자', '파김치', '스테이크', '치킨']"
61,"열무비빔면에 소곱창 돼지족발쌈 먹방 후 운동! | Spicy noodles & Jokbal, Cow intestine | ASMR MUKBANG | REAL SOUND",244753.0,4100.0,91.0,637.0,2020. 4. 13.,"['곱창', '운동', '열무', '돼지', '족발', '비빔']"
62,차돌박이 틈새라면 리얼사운드 먹방! 말이 필요 없다... | Spicy korean ramen with beef | REAL SOUND | ASMR MUKBANG,810044.0,17000.0,391.0,1112.0,2020. 4. 11.,"['리얼', '사운드', '틈새', '필요', '박이', '차돌']"
63,핵꿀맛 간장계란밥에 킬바사 부대찌개 리얼사운드 먹방! | Soy sauce egg rice & budae-jjigae | REAL SOUND | ASMR MUKBANG,531920.0,8200.0,206.0,971.0,2020. 4. 9.,"['리얼', '사운드', '계란밥', '찌개', '부대', '간장']"
64,60계치킨 고추 간지 첫 경험 리얼사운드 먹방! | Pepper chicken EATING SHOW | REAL SOUND | ASMR MUKBANG,748901.0,1000.0,266.0,1348.0,2020. 4. 6.,"['리얼', '사운드', '간지', '고추', '경험', '치킨']"
65,아내표 하트스팸 김밥에 신전라볶이 리얼사운드 먹방! Kimbab & tteokbokki ramen Eating show | REAL SOUND | ASMR MUKBANG,339622.0,6700.0,129.0,619.0,2020. 4. 4.,"['사운드', '하트', '김밥', '아내', '전라']"
66,"신제품 불닭비빔면과 트러플 통 햄, 베스킨라빈스 리얼사운드 먹방! | 12,000 SHU Fire noodles & Truffle ham REAL SOUND ASMR MUKBANG",537078.0,8200.0,235.0,990.0,2020. 4. 1.,"['리얼', '사운드', '스킨', '제품', '비빔']"
67,닭 껍질 소리 끝내주는 토종닭 닭도리탕 리얼사운드 먹방 | Korean spicy braised chicken Dakbokkeumtang REAL SOUND ASMR MUKBANG,260132.0,4300.0,133.0,838.0,2020. 3. 30.,"['리얼', '사운드', '소리', '토종닭', '닭도리탕', '껍질']"
68,간장게장 새우장에 곱창김 포기김치!! 리얼사운드 먹방! Ganjang-gejang Eating show! | REAL SOUND | ASMR MUKBANG,715916.0,12000.0,345.0,1312.0,2020. 3. 27.,"['리얼', '사운드', '새우', '포기김치', '곱창', '게장', '간장']"
69,"치즈폭포 모음집 1탄! (엽떡, 김치볶음밥, 야채순대, 불닭볶음면, 빠네, 자메이카뿌링클) Swiss Raclette Cheese Eating show collection 1",225657.0,3200.0,57.0,456.0,2020. 3. 25.,"['야채', '순대', '모음집', '김치', '닭볶음', '볶음밥', '폭포', '자메이카', '치즈']"
70,치즈폭포  자메이카 통다리 뿌링클 닭다리 리얼사운드 먹방 Swiss Raclette Cheese with Bburinkle chicken REAL SOUND ASMR MUKBANG,1916169.0,24000.0,603.0,3060.0,2020. 3. 23.,"['닭다리', '리얼', '사운드', '다리', '폭포', '자메이카', '치즈']"
71,"맵다!! 틈새라면에 김치한통, 낙지 리얼사운드 먹방! | Most spicy ramen with Octopus, Kimchi in korea Eating show! MUKBANG!",736548.0,1000.0,289.0,1146.0,2020. 3. 21.,"['낙지', '리얼', '사운드', '김치', '새라']"
72,치즈폭포 빠네 크림파스타에 모짜렐라치즈 새우 베이컨 한봉지 리얼사운드 먹방! | Swiss Raclette Cheese with pane cream pasta Eating show,928459.0,15000.0,326.0,1718.0,2020. 3. 18.,"['리얼', '사운드', '새우', '크림', '파스타', '폭포', '봉지', '치즈', '베이컨']"
73,"치즈폭포 불닭볶음면에 명랑 감자핫도그 리얼사운드 먹방! Swiss Raclette Cheese with Fire noodles, Potato corn dog Eating show!",1065339.0,17000.0,408.0,2219.0,2020. 3. 16.,"['리얼', '사운드', '닭볶음', '폭포', '명랑', '감자', '치즈']"
74,"치즈폭포 야채곱창에 순대, 당면 추가 리얼사운드 먹방! Swiss Raclette Cheese with Spicy Stir-fried Pork Tripe (Gopchang)",438414.0,7500.0,153.0,1098.0,2020. 3. 13.,"['야채', '순대', '리얼', '사운드', '곱창', '당면', '폭포', '치즈', '추가']"
75,치즈폭포 김치볶음밥에 3cm두께 소고기 스테이크 리얼사운드 먹방! | Warm Melted Swiss Raclette Cheese with Steak & Kimchi rice,1126369.0,18000.0,442.0,2297.0,2020. 3. 11.,"['리얼', '사운드', '두께', '김치', '스테이크', '볶음밥', '폭포', '치즈', '고기']"
76,치즈폭포 엽기떡볶이에 중국당면 허니콤보순살 환상의 조합 리얼사운드 먹방! | Warm Melted Swiss Raclette Cheese with Spicy tteokbokki,3309575.0,53000.0,1100.0,5528.0,2020. 3. 9.,"['리얼', '사운드', '당면', '중국', '폭포', '엽기', '환상', '떡볶이', '치즈', '허니콤', '조합']"
77,알찜에 곤이 알 또 추가! 볶음까지 원없이 먹는 리얼사운드 먹방! SPICY STEAMED SEAFOOD Mukbang Eating Show!,278982.0,500.0,108.0,554.0,2020. 3. 7.,"['리얼', '사운드', '곤이', '볶음', '추가']"
78,식감대박! 삼양라면 소세지 볶음에 바삭 토스트 리얼사운드 먹방! | 매콤 삼쏘야라면 삼양라면 매운맛 | Samyang fried ramen Eating show! MUKBANG!,193161.0,3800.0,124.0,706.0,2020. 3. 5.,"['리얼', '사운드', '쏘야', '매운맛', '대박', '볶음', '삼양', '라면', '소세지', '토스트']"
79,멕시카나 불닭치킨순살 치밥 그리고 더블치즈볼 리얼사운드 먹방 | KOREAN Fire chicken & Cheese ball Eating show! MUKBANG!,975324.0,15000.0,352.0,1426.0,2020. 3. 3.,"['리얼', '사운드', '더블', '치즈', '치킨']"
80,삼겹살 듬뿍 떡볶이 먹고 치즈 볶음밥까지 리얼사운드 먹방! | Pork belly tteokbokki Eating show! MUKBANG! KOREAN FOOD,251580.0,4900.0,79.0,460.0,2020. 2. 29.,"['리얼', '사운드', '볶음밥', '삼겹살', '떡볶이', '치즈']"
81,핵꿀맛 피자스쿨 고구마피자와 치즈오븐스파게티 리얼사운드 먹방! | Sweet potato pizza & fire spaghetti Eating show! MUKBANG!,400559.0,6500.0,144.0,833.0,2020. 2. 27.,"['리얼', '스파게티', '스쿨', '사운드', '피자', '오븐', '고구마', '치즈']"
82,쫄깃 바삭 소리가 미친 딤섬 만두 종류별 리얼사운드 먹방! 역대급 소리! 대만식 고기덮밥 Dim sum Eating show! MUKBANG!,166405.0,3300.0,76.0,415.0,2020. 2. 24.,"['리얼', '사운드', '소리', '종류별', '만식', '역대', '만두', '덮밥', '고기']"
83,진짜 눈 오는날 야외에서 라면  먹방 | 야외먹방 ASMR 삼양라면 매운맛,562246.0,800.0,197.0,1449.0,2020. 2. 22.,"['삼양', '야외', '매운맛', '라면']"
84,멕시카나 신메뉴 불닭치킨 리얼사운드 먹방! 어떤 맛인지 솔직하게 말씀드리면... 불닭볶음면과 비교 Fire fried chicken Eating show! MUKBANG!,1355377.0,16000.0,490.0,2460.0,2020. 2. 19.,"['리얼', '메뉴', '사운드', '비교', '닭볶음', '치킨']"
85,비비큐 황금올리브 자메이카 통다리 레전드급 리얼사운드 먹방! 심플하지만 바삭 쫀득소리가 대박 Korean fried chicken legs Eating show MUKBANG!,1494701.0,18000.0,466.0,2221.0,2020. 2. 17.,"['리얼', '사운드', '소리', '다리', '황금', '대박', '자메이카', '올리브', '심플']"
86,26시간 굶고 레전드급 편의점 리얼사운드 먹방! 한번만 본 사람은 없다는 전설의 먹방 Korean convenience store Eating show! MUKBANG! GS25,763572.0,1000.0,314.0,769.0,2020. 2. 15.,"['리얼', '사운드', '한번', '전설', '편의점', '사람', '시간']"
87,"빅토리아 케이크, 딸기 파블로바, 테린느, 로키로드 초콜릿 디저트 리얼사운드 먹방! | Victoria Cake, Pavlova, Rocky road Dessert MUKBANG",127351.0,2500.0,45.0,235.0,2020. 2. 12.,"['리얼', '사운드', '딸기', '빅토리아', '디저트', '케이크', '초콜릿', '파블']"
88,치즈 닭갈비와 불닭 미트스파게티 채소쌈 리얼사운드 먹방! | Dakgalbi & Spicy fire noodles Eating show! MUKBANG!,402791.0,7300.0,147.0,708.0,2020. 2. 10.,"['채소', '리얼', '스파게티', '사운드', '갈비', '치즈', '미트']"
89,닭껍질 만두와 비비큐 시크릿 양념치킨 닭다리 리얼사운드 먹방 | Spicy fire sauce & Spicy chicken legs Eating show! MUKBANG,371617.0,5500.0,133.0,541.0,2020. 2. 8.,"['닭다리', '양념', '리얼', '사운드', '시크', '껍질', '만두', '치킨']"
90,짬짜면에 김치만두 리얼사운드 먹방! | 불타는 고추 짬뽕 짜장면 | Spicy noodle & spicy Jjajangmyeon & Kimchi dimsum Eating show!,351503.0,5100.0,117.0,578.0,2020. 2. 6.,"['고추', '리얼', '사운드', '김치', '짬뽕', '불타', '짜장면', '만두']"
91,맘스터치 싸이버거? 이젠 사이버거! 리얼사운드 먹방! | 5 chicken burgers & spicy sauce Eating show! MUKBANG!,277607.0,3100.0,107.0,330.0,2020. 2. 3.,"['리얼', '사운드', '사이버']"
92,맘스터치 싸이버거 패티무게를 비교해봤는데요.... 맘스터치가 맘스터치 했네요!,217920.0,3300.0,211.0,637.0,2020. 2. 2.,"['비교', '무게', '패티']"
93,3배 매워진 너구리 라면 신제품 RTA 리얼사운드 먹방! | Spicy RTA noodles EATING SHOW! MUKBANG! Ramyeon Ramen,412054.0,5500.0,150.0,657.0,2020. 2. 1.,"['너구리', '사운드', '리얼', '제품']"
94,"뿌링소스에 명랑핫도그 엽떡 연어 계란샌드위치 리얼사운드 먹방! | Bburing sauce & corn dog, Spicy tteokbokki, salmon MUKBANG!",563508.0,8900.0,152.0,563.0,2020. 1. 30.,"['리얼', '사운드', '샌드위치', '명랑', '연어', '계란']"
95,BHC 뿌링클! 똑같은 한마리인데 왜 조각수가 다를까요? 본사에 물어봤습니다! | 뿌링클 치킨 정량 | 본사 답변 | 중간남,577808.0,8500.0,299.0,1369.0,2020. 1. 26.,"['답변', '한마리', '본사', '조각', '수가', '정량', '치킨', '중간']"
96,홈런볼 에어프라이어에 돌리고 우유에 말아 원 없이 먹기 리얼사운드 먹방! | Homerun ball Eating show! MUKBANG,398695.0,5700.0,151.0,705.0,2020. 1. 22.,"['우유', '프라이어', '리얼', '사운드', '홈런볼', '에어']"
97,후루룩! 밀떡 떡볶이에 당면 김말이 야채튀김 매운어묵 마무리 참치김밥 리얼사운드 먹방! | Tteokbokki Eating show! MUKBANG!,308537.0,5600.0,121.0,417.0,2020. 1. 19.,"['야채', '리얼', '사운드', '참치', '당면', '어묵', '마무리', '김밥', '튀김', '떡볶이', '밀떡']"
98,구독자분을 울린 이 사건 때문에 중간남이 나타났습니다 | +향후계획 | BBQ치킨 황금올리브 ? 도미노 피자 블랙타이거 쉬림프? 가 아닙니다,415129.0,13000.0,261.0,3120.0,2020. 1. 16.,"['계획', '블랙', '치킨', '구독자', '피자', '황금', '도미노', '림프', '사건', '올리브', '타이거', '향후', '중간']"
99,교촌치킨 본사 허니콤보의 적정량을 알려줬습니다! 이제 확실히 알고 드세요!,1024331.0,16000.0,495.0,2770.0,2020. 1. 13.,"['본사', '정량', '허니콤', '치킨']"
100,킹크랩 리얼사운드 먹방! 마무리는 라면! | King crab & Spicy noodles Eating show! MUKBANG!,1691954.0,22000.0,773.0,2409.0,2020. 1. 11.,"['리얼', '사운드', '킹크', '라면']"
101,"엽기떡볶이 본점 vs 각 지점들 비교해보니 정말 해도해도 너무 차이나네요 | 중간남 | 동대문 엽기 떡볶이 떡, 치즈, 어묵, 소세지 개수 비교",2225670.0,4000.0,941.0,5497.0,2020. 1. 8.,"['동대문', '비교', '개수', '어묵', '중간', '엽기', '지점', '소세지', '본점', '치즈', '차이나', '떡볶이']"
102,교촌치킨 허니콤보 원래 몇조각이 정량일까?! 지점별 평균 갯수를 알려드립니다 | 중간남,1345450.0,21000.0,608.0,3502.0,2020. 1. 4.,"['평균', '조각', '원래', '지점', '정량', '허니콤', '치킨', '중간']"
103,ASMR BHC 골드킹과 바삭 허니콤보 & 레드킹 이팅사운드 노토킹 영상 | Korean soy chicken & Spicy chicken Eating sounds MUKBANG!,155755.0,2100.0,35.0,186.0,2020. 1. 3.,"['사운드', '영상', '골드', '허니콤', '레드']"
104,BHC 신메뉴 골드킹 레드킹과 교촌 허니콤보 비교 리얼사운드 먹방! | Korean chicken Eating show! MUKBANG!,867423.0,9300.0,349.0,986.0,2020. 1. 3.,"['리얼', '메뉴', '사운드', '비교', '골드', '허니콤', '레드']"
105,명랑핫도그 지점별 크기차이? 따따블치즈핫도그 치즈 양? 얼마나 다를까? 평균 크기를 알려드림 | 중간남,290411.0,5300.0,97.0,650.0,2019. 12. 30.,"['평균', '차이', '크기', '명랑', '지점', '치즈', '핫도그', '중간']"
106,코리엔탈 깻잎치킨과 딸이 먹고 싶어한 교촌 허니콤보 먹방 | 긍정부스터 | 가족먹방,240271.0,3500.0,74.0,411.0,2019. 12. 29.,"['가족', '부스터', '깻잎', '긍정', '코리', '허니콤', '치킨']"
107,ASMR 밥도둑 양념게장 아그작아그작 이팅사운드 노토킹 | Spicy marinated Raw crab Eating sounds No talking!,131965.0,1800.0,41.0,135.0,2019. 12. 27.,"['양념', '게장', '사운드', '밥도둑']"
108,밥도둑 양념게장에 흰쌀밥 리얼사운드 먹방! | Spicy Marinated Raw Crab Eating show! Mukbang!,1048487.0,13000.0,404.0,1496.0,2019. 12. 26.,"['양념', '리얼', '사운드', '흰쌀밥', '밥도둑', '게장']"
109,ASMR 참치마요 덮밥 참치회 이팅사운드 노토킹 | Tuna mayo rice Eating sounds No talking!,97585.0,1200.0,36.0,98.0,2019. 12. 21.,"['참치', '사운드', '덮밥']"
110,참치 스페셜! 산더미 참치마요와 참치회 리얼사운드 먹방! | 참치 무한리필 | Bulk Tuna Mayo and Tuna Sashimi Real Sound Mukbang,241046.0,3100.0,70.0,320.0,2019. 12. 20.,"['무한', '리얼', '스페셜', '사운드', '참치', '산더미']"
111,ASMR 엽떡 매운맛 명랑 따따블치즈핫도그 이팅사운드 노토킹 | Spicy tteokbokki & Cheesehotdog Eating sound! No talking,106964.0,1700.0,21.0,120.0,2019. 12. 17.,"['사운드', '명랑', '매운맛', '치즈']"
112,엽떡 매운맛에 명랑 따따블치즈핫도그 리얼사운드 먹방! | 부제: 엔젤헤어 치즈? 천사는 탈모환자로 밝혀져...논란,664765.0,1000.0,172.0,590.0,2019. 12. 16.,"['부제', '리얼', '사운드', '환자', '매운맛', '엔젤', '헤어', '천사', '논란', '탈모', '명랑', '치즈']"
113,드디어 가구가 왔어요! | 카레클린트 원목가구 집꾸미기 인테리어 신혼집 브이로그 VLOG,127917.0,1900.0,34.0,184.0,2019. 12. 14.,"['꾸미기', '브이', '신혼', '클린', '인테리어', '가구']"
114,ASMR 두툼한 토마호크 스테이크 이팅사운드 노토킹 | Tomahawk Steak Eating sounds No talking!,95229.0,1200.0,22.0,94.0,2019. 12. 11.,"['사운드', '스테이크', '호크']"
115,쉐프님이 구워준 토마호크 스테이크 리얼사운드 먹방! | 육즙 터지는 소리 대박 | Tomahawk steak Eating show! MUKBANG!,379278.0,500.0,117.0,446.0,2019. 12. 10.,"['리얼', '사운드', '육즙', '소리', '대박', '스테이크', '호크']"
116,첵스 시크릿쥬쥬 한정판 시계 당첨!! 여운이 반응 및 류나 육아 일상 VLOG 브이로그,572469.0,1000.0,195.0,869.0,2019. 12. 7.,"['당첨', '시크', '시계', '브이', '여운', '반응', '한정판', '육아', '일상']"
117,ASMR 간짜장 탕수육 파김치 이팅사운드 노토킹 | Jjajangmyeon Eating sound No talking,89614.0,1300.0,25.0,75.0,2019. 12. 6.,"['파김치', '짜장', '사운드', '탕수육']"
118,간짜장에 파김치 계란후라이 탕수육 리얼사운드 먹방! | 뭐랑 먹을 때 가장 맛있을까? | Jjajangmyeon Eating show! Mukbang! Soybean noodles,339095.0,4800.0,94.0,339.0,2019. 12. 5.,"['리얼', '사운드', '파김치', '짜장', '후라이', '탕수육', '계란']"
119,유튜버 나도님의 결혼식을 촬영해주고 왔습니다! | 일 끝나고 에머이 먹방,125667.0,1600.0,27.0,128.0,2019. 12. 4.,"['촬영', '결혼식', '나도']"
120,새우 20마리!! 진짜 새우탕면 끓여먹는 먹방! | 긍정부스터 | 블랙타이거새우,193922.0,2500.0,61.0,205.0,2019. 12. 2.,"['블랙', '새우', '부스터', '긍정', '탕면', '타이거']"
121,ASMR 너도나도떡 이팅사운드 노토킹 | 유튜버 나도님의 떡! | Tteok Eating sounds No talking!,69490.0,899.0,19.0,67.0,2019. 12. 1.,"['나도', '사운드']"
122,"나도야 미안 솔직하게 말할게, 너도나도떡 리얼사운드 먹방! | Tteok (Rice cake) Eating show! MUKBANG!",1392748.0,16000.0,343.0,1003.0,2019. 11. 30.,"['리얼', '나도', '미안', '사운드']"
123,"ASMR 라이스버거와 실비김치, 치킨 닭다리 이팅사운드 노토킹 | Most spicy kimchi & rice burger & chicken Eating sounds",70023.0,982.0,29.0,99.0,2019. 11. 29.,"['닭다리', '사운드', '김치', '실비', '치킨']"
124,라이스버거와 실비김치를 같이 먹으면 맛있을까? 리얼사운드 먹방! | Most spicy kimchi & Riceburger Eating show! Mukbang!,265860.0,3500.0,77.0,396.0,2019. 11. 28.,"['실비', '사운드', '리얼', '김치']"
125,ASMR  신메뉴 폭탄 페퍼로니 피자 이팅사운드 | Pepperoni pizza Eating sounds No talking,85511.0,1100.0,27.0,106.0,2019. 11. 26.,"['피자', '메뉴', '사운드', '폭탄']"
126,피자마루 신메뉴! 폭탄 페퍼로니 피자를 스팸처럼 밥이랑 먹으면 맛있을까? 리얼사운드 먹방! | Bomb Pepperoni Pizza Eating show! Mukbang,403536.0,4400.0,173.0,398.0,2019. 11. 24.,"['리얼', '메뉴', '사운드', '피자', '마루', '폭탄']"
127,ASMR 시리얼 첵스 우유에 듬뿍 말아먹는 이팅사운드 노토킹 | Cereal chex Eating sounds No talking,62697.0,927.0,22.0,121.0,2019. 11. 23.,"['시리얼', '우유', '사운드']"
128,딸을 위해 먹는 시리얼 첵스 ! 리얼사운드 먹방 | Cereal chex Eating show! MUKBANG!,1535150.0,16000.0,448.0,2097.0,2019. 11. 22.,"['시리얼', '리얼', '사운드']"
129,ASMR 햄듬뿍 삼양라면 이팅사운드 노토킹 | Samyang ramyeon Eating sounds No talking,99880.0,1500.0,24.0,125.0,2019. 11. 18.,"['삼양', '사운드', '라면']"
130,햄 듬뿍! 진짜 삼양라면 리얼사운드 먹방! | 넘치게 넣으면 더 맛있을까? | Samyang ramyeon Eating show! MUKBANG!,585986.0,8200.0,217.0,778.0,2019. 11. 17.,"['리얼', '사운드', '라면', '삼양', '진짜']"
131,ASMR 블랙올리브와 맛초킹 치킨 다리만 이팅사운드 노토킹 | Balsamic chicken Eating sounds No talking!,96223.0,1300.0,30.0,118.0,2019. 11. 15.,"['블랙', '사운드', '다리', '올리브', '치킨']"
132,BHC 블랙올리브 치킨! 이름은 푸라닭이랑 비슷한데 맛은 어떨까? 리얼사운드 먹방! | Balsamic vinegar chiken Eating show! MUKBANG!,420376.0,4900.0,155.0,470.0,2019. 11. 14.,"['리얼', '블랙', '사운드', '올리브', '이름', '치킨']"
133,소금커피...? 를 먹어봤습니다... | 긍정부스터,46424.0,808.0,14.0,90.0,2019. 11. 12.,"['소금', '커피', '긍정', '부스터']"
134,"ASMR 트롤리 우주젤리, 마라오징어 이팅사운드 노토킹 | Trolli jelly & Mala squid Eating sound! No talking",67602.0,774.0,28.0,64.0,2019. 11. 11.,"['사운드', '우주', '오징어', '마라', '트롤리', '젤리']"
135,우주젤리 리얼사운드 먹방 | 지구젤리와 포장만 다른건 아니겠죠?! | Trolli jelly eating show! MUKBANG!,624797.0,7400.0,200.0,821.0,2019. 11. 10.,"['리얼', '사운드', '우주', '포장', '지구', '젤리']"
136,운동 후 고기폭탄 카레라이스 먹방! | 고대곡물 카무트 먹방,259095.0,300.0,97.0,238.0,2019. 11. 8.,"['고대', '곡물', '카레라이스', '운동', '폭탄', '고기']"
137,매운떡볶이와 강릉 육쪽마늘빵 먹방! | 긍정부스터,114467.0,1800.0,35.0,136.0,2019. 11. 4.,"['마늘', '부스터', '떡볶이', '긍정']"
138,ASMR 덜매워진  불닭볶음면 라이트 이팅사운드 노토킹 | New fire noodle lite! Eating sounds No talking,102031.0,1500.0,34.0,108.0,2019. 11. 2.,"['사운드', '라이트', '닭볶음']"
139,덜매워진 불닭볶음면 라이트 출시! 맛있을까? 리얼사운드 먹방! | Less Spicy Buldak Bokkeummyun Light Eating show! MUKBANG!,494712.0,6800.0,131.0,516.0,2019. 10. 31.,"['리얼', '사운드', '라이트', '출시', '닭볶음']"
140,"ASMR 마라샹궈 멘보샤 탕수육 이팅사운드 노토킹 | Mala Xiang Guo, Mian Bao Xia and Tangsuyuk Eating sound! No talking",69467.0,100.0,17.0,78.0,2019. 10. 30.,"['사운드', '탕수육', '마라']"
141,"마라샹궈와 멘보샤 탕수육 리얼사운드 먹방! | Mala Xiang Guo, Mian Bao Xia and Tangsuyuk Eating show! Mukbang!",539140.0,700.0,135.0,375.0,2019. 10. 29.,"['리얼', '사운드', '탕수육', '마라']"
142,ASMR 킹크랩 이팅사운드 노토킹 | King crab Eating sound No talking!,541696.0,6100.0,427.0,390.0,2019. 10. 27.,"['사운드', '킹크']"
143,킹크랩 리얼사운드 먹방! | 딸과 함께 처음 먹어본 소감 말씀드리자면... | King crab Eating show! MUKBANG!,3752684.0,59000.0,1900.0,6792.0,2019. 10. 26.,"['리얼', '사운드', '소감', '킹크', '처음', '말씀']"
144,미슐랭 간장게장 먹방에서 딸을 울렸던 바로 그 게임 ,1544094.0,15000.0,338.0,1003.0,2019. 10. 23.,"['게임', '게장', '간장']"
145,"ASMR 불닭볶음면을 뿌링소스에 듬뿍, 뿌링핫도그, 순살뿌링클 이팅사운드 노토킹 | Fire noodles & Bburinkle chicken Eating sounds",169258.0,2700.0,46.0,227.0,2019. 10. 21.,"['사운드', '핫도그', '닭볶음']"
146,불닭볶음면을 뿌링소스에 듬뿍 찍어먹으면 어떤맛일까? 리얼사운드 먹방 | 뿌링핫도그 순살뿌링클 | Fire noodles & chicken Eating show! MUKBANG!,3998553.0,52000.0,1300.0,4682.0,2019. 10. 20.,"['리얼', '사운드', '닭볶음']"
147,운동 후 김치찌개에 두툼한 목살 듬뿍 비벼먹는 먹방! | 어깨 후면과 삼두 팔운동법 | Eating after exercise,190032.0,2500.0,62.0,242.0,2019. 10. 17.,"['김치찌개', '팔운동', '목살', '운동', '어깨', '후면']"
148,"청주 명물 백로식당 양념불고기와 허니콤보, 쉐아라의 다쿠아즈 먹방!",138965.0,2200.0,54.0,165.0,2019. 10. 16.,"['청주', '양념', '명물', '식당', '불고기', '백로', '허니콤']"
149,ASMR 미슐랭 간장게장 이팅사운드 노토킹 | Ganjang-gejang Eating sounds ASMR *No talking,353383.0,4300.0,147.0,274.0,2019. 10. 15.,"['게장', '사운드', '간장']"
150,미슐랭에 나온 간장게장 리얼사운드 먹방! | 과연 어떤 맛일까?! | Ganjang-gejang Eating show! Mukbang,4667813.0,57000.0,200.0,5979.0,2019. 10. 14.,"['리얼', '게장', '사운드', '간장']"
151,ASMR 쭈꾸미 삼겹살 이팅사운드 노토킹 | Spicy webfoot octopus & pork belly Eating show! MUKBANG!,88977.0,1300.0,18.0,96.0,2019. 10. 13.,"['쭈꾸미', '사운드', '삼겹살']"
152,쭈꾸미 삼겹살에 마요네즈 깻잎쌈 리얼사운드 먹방! | Spicy webfoot octopus & pork belly Eating show! MUKBANG!,253536.0,4300.0,72.0,238.0,2019. 10. 12.,"['쭈꾸미', '리얼', '사운드', '마요네즈', '삼겹살', '깻잎쌈']"
153,용호낙지의 용호전골(곱창전골) 먹방! | 낙곱새,113665.0,1700.0,35.0,108.0,2019. 10. 9.,"['낙지', '용호', '전골', '곱창']"
154,"ASMR 라면에 참치마요, 치즈, 파, 킬바사 ! 이팅사운드 노토킹 | Ramen with Tuna, cheese, Kielbasa sausage Eating sound!",82512.0,1200.0,31.0,91.0,2019. 10. 8.,"['참치', '사운드', '치즈', '라면']"
155,"오라면에 킬바사 넣고 참치마요, 치즈녹여서 후루룩 리얼사운드 먹방! | Ramen with Sausage Eating show! Mukbang!",665716.0,8800.0,160.0,989.0,2019. 10. 7.,"['참치', '리얼', '사운드', '치즈']"
156,"ASMR 푸라닭 블랙알리오 고추마요 악마, 파불고기치킨 이팅사운드 노토킹 | Soy chicken Eating sounds!",116590.0,1700.0,32.0,145.0,2019. 10. 5.,"['사운드', '블랙', '불고기', '악마', '치킨']"
157,"푸라닭 블랙알리오, 고추마요, 악마치킨 리얼사운드 먹방! | Chicken Eating Show! MUKBANG!",2043604.0,2000.0,680.0,1784.0,2019. 10. 3.,"['리얼', '블랙', '사운드', '악마', '고추', '치킨']"
158,ASMR 삼선짬뽕 사천탕수육 이팅사운드 노토킹 | Jjamppong & Spicy tangsuyuk Eating sounds !,107534.0,1500.0,38.0,124.0,2019. 10. 2.,"['사운드', '삼선', '짬뽕', '사천', '탕수육']"
159,"화끈한 짬뽕에 매운 사천탕수육, 환타 리얼사운드 먹방! | Jjamppong & Spicy tangsuyuk Eating show! Mukbang!",421956.0,600.0,100.0,489.0,2019. 10. 1.,"['리얼', '사운드', '짬뽕', '사천', '탕수육']"
160,ASMR 간장게장 연어장 새우장 전복장 치즈스팸 밥도둑 이팅사운드 노토킹 | Ganjang Gejang(Raw crab in soy sauce) Eating sounds,465644.0,6900.0,226.0,223.0,2019. 9. 29.,"['사운드', '새우', '밥도둑', '게장', '복장', '치즈', '간장', '어장']"
161,간장게장 치즈스팸 연어장 새우장 밥도둑 스페셜 리얼사운드 먹방!  | Ganjang Gejang Eating show! MUKBANG! KOREAN FOOD,4896152.0,63000.0,1800.0,5198.0,2019. 9. 28.,"['리얼', '스페셜', '새우', '사운드', '밥도둑', '게장', '치즈', '간장', '어장']"
162,무편집) 치토스 치킨에 달 토끼의 떡볶이 흡입구역 매운맛 먹방!!,78179.0,1400.0,35.0,72.0,실시간 스트리밍 시작일: 2019. 9. 25.,"['매운맛', '토스', '구역', '흡입', '떡볶이', '토끼', '치킨', '편집']"
163,운동후 뿌링소스에 킹블랙타이거 새우 먹방! | 이게 어울려?! | 하체운동 | 운동후 먹방,311873.0,3100.0,85.0,302.0,2019. 9. 25.,"['하체', '새우', '블랙', '운동', '타이거']"
164,ASMR 쟁반짜파게티에 슈프림 양념치킨 이팅사운드 노토킹 | Seafood chapaghetti & Chicken Eating sounds!,92379.0,1400.0,31.0,89.0,2019. 9. 23.,"['양념', '쟁반', '사운드', '프림', '치킨']"
165,쟁반짜파게티에 처갓집 슈프림 양념치킨 리얼사운드 먹방! | 감동 | Seafood chapaghetti & chicken Eating show! MUKBANG!,822613.0,11000.0,209.0,722.0,2019. 9. 22.,"['양념', '쟁반', '리얼', '사운드', '감동', '프림', '처갓집', '치킨']"
166,ASMR Fire noodles & Cheese spam Eating sounds! | 치즈스팸에 불닭볶음면 이팅사운드 노토킹,100457.0,1700.0,44.0,99.0,2019. 9. 20.,"['사운드', '닭볶음']"
167,통 치즈스팸에 불닭볶음면 리얼사운드먹방 ! | 최강조합 탄생?! | Fire noodles & Cheese spam Eating show! MUKBANG!,801815.0,12000.0,303.0,1122.0,2019. 9. 19.,"['탄생', '리얼', '사운드', '닭볶음', '조합']"
168,ASMR Cream pasta & Pepper chicken Eating sounds | 까르보나라 고추바사삭 이팅사운드 노토킹,97827.0,1800.0,29.0,99.0,2019. 9. 18.,"['나라', '사운드', '고추']"
169,까르보나라에 고추바사삭 순살 치킨 리얼사운드 먹방! | 핵꿀맛 | Cream pasta & pepper chicken Eating show! MUKBANG,1840750.0,24000.0,480.0,2032.0,2019. 9. 17.,"['리얼', '사운드', '고추', '나라', '치킨']"
170,ASMR 감자탕 듬뿍에 볶음밥 이팅사운드 노토킹 | Gamjatang Eating sounds! Korean food,69724.0,100.0,32.0,122.0,2019. 9. 15.,"['감자탕', '사운드', '볶음밥']"
171,감자탕 원없이 쌓아서 리얼사운드 먹방! 후에 볶음밥! | Gamjatang Eating show! MUKBANG!,508527.0,6500.0,191.0,822.0,2019. 9. 14.,"['감자탕', '리얼', '사운드', '볶음밥']"
172,"ASMR Most spicy tteokbokki and spagetti Eating sounds | 엽떡 마크정식 매운맛 이팅사운드 노토킹 | 킬바사, 스파게티 |",150971.0,2100.0,44.0,102.0,2019. 9. 11.,"['사운드', '스파게티', '매운맛', '마크', '정식']"
173,엽떡 마크정식 리얼사운드 먹방! | 킬바사 스파게티 엽떡 매운맛 | Most spicy tteokbokki Eating show! Mukbang!,1088375.0,14000.0,277.0,753.0,2019. 9. 10.,"['리얼', '스파게티', '사운드', '매운맛', '마크', '정식']"
174,운동 후 붐바스틱 통다리구이 먹방 | 마요네즈 치밥 | 어깨 운동 꿀팁,868112.0,800.0,262.0,838.0,2019. 9. 9.,"['다리', '스틱', '구이', '마요네즈', '운동', '어깨']"
175,ASMR 곱창까르보나라 이팅사운드 노토킹 | Spicy beef intestine Cream pasta Eating sounds!,104380.0,1500.0,37.0,134.0,2019. 9. 7.,"['나라', '사운드', '곱창']"
176,와 미쳤다! 곱창 까르보나라 리얼사운드 먹방! | 청양고추 대창 | Beef intestines carbonara Eating show! Mukbang!,346945.0,6900.0,119.0,455.0,2019. 9. 6.,"['리얼', '사운드', '곱창', '대창', '청양', '고추', '나라']"
177,"ASMR 뿌링핫도그 뿌링클 닭다리 치즈볼 이팅사운드 노토킹 | Burinkle chicken, Hotdog, Cheese ball Eatings sounds! |",237254.0,3700.0,73.0,215.0,2019. 9. 5.,"['닭다리', '사운드', '치즈']"
178,"신메뉴 뿌링핫도그 이거 완전 허니콤보급!? 리얼사운드 먹방 | 뿌링클, 치즈볼, 마라칸 | Hotdog, Chicken legs Eating show! Mukbang!",3347883.0,42000.0,1100.0,3914.0,2019. 9. 3.,"['리얼', '메뉴', '사운드', '마라', '치즈', '허니콤', '보급']"
179,운동 후 통삼겹에 김치 먹방! | 팔 운동법 | 미친 비주얼!,1052251.0,1000.0,384.0,932.0,2019. 9. 2.,"['운동', '비주얼', '김치']"
180,ASMR Honeycomb & 2.2lbs Cheese Pizza Eating sound! | 벌집꿀에 1kg치즈피자 이팅사운드 노토킹,124466.0,200.0,66.0,124.0,2019. 8. 31.,"['피자', '사운드', '치즈', '벌집']"
181,1kg 치즈피자에 벌집꿀 리얼사운드 먹방! | 미친비주얼과 맛! | Honeycomb & 1kg cheese pizza Eating show! MUKBANG!,1998683.0,24000.0,601.0,2716.0,2019. 8. 29.,"['리얼', '사운드', '비주얼', '피자', '벌집', '치즈']"
182,"운동 후 신라면에 실비김치, 계란 5개 먹방! | 턱걸이 | Most spicy kimchi & noodles Eating show! Mukbang!",803910.0,7700.0,241.0,762.0,2019. 8. 27.,"['김치', '실비', '걸이', '라면', '운동', '계란']"
183,ASMR Spicy cold noodle & Pork barbecue EATING SOUNDS! | 불냉면에 통갈비 이팅사운드 노토킹,86183.0,1400.0,27.0,117.0,2019. 8. 24.,"['갈비', '사운드', '냉면']"
184,통갈비에 불냉면 물냉면 리얼사운드 먹방! | Spicy cold noodle & Pork barbecue Eating show! MUKBANG!,659564.0,1000.0,190.0,623.0,2019. 8. 23.,"['리얼', '사운드', '냉면', '갈비', '물냉면']"
185,ASMR | Spicy seafood hot pot & Fried shrimp Eating Sounds! | 낙곱새 이팅사운드 노토킹 | 낙지곱창새우,67005.0,1200.0,30.0,89.0,2019. 8. 22.,"['낙지', '사운드', '새우', '곱창']"
186,낙곱새 왕새우튀김 리얼사운드 먹방! | 낙지 곱창 새우 전골 | Spicy seafood hot pot & Fried shrimp Eating show! Mukbang!,216145.0,3600.0,68.0,293.0,2019. 8. 21.,"['리얼', '사운드', '낙지', '새우', '곱창', '전골', '튀김', '왕새우']"
187,"마카롱과 쫀득 마쉬멜로우, 머랭 케이크 포커스 먹방! | 파블로바 | 멜팅타임",96752.0,1800.0,67.0,228.0,2019. 8. 20.,"['포커스', '마카롱', '멜로', '케이크', '타임', '파블']"
188,ASMR Spicy seafood bibimbap & pepper steak Eating sounds! | 중화비빔밥 고추잡채 꽃빵 이팅사운드 노토킹,57739.0,1100.0,24.0,92.0,2019. 8. 19.,"['사운드', '비빔밥', '고추', '잡채', '중화']"
189,불향 가득한 중화비빔밥 고추잡채 리얼사운드 먹방! | Chinese bibimbap Pepper steak EATING SHOW! MUKBANG!,147008.0,2600.0,69.0,218.0,2019. 8. 17.,"['리얼', '사운드', '불향', '비빔밥', '고추', '잡채', '중화']"
190,운동 후 시장통닭 리얼사운드 먹방! | 가슴 운동 | 체스트 플라이,308668.0,3700.0,132.0,436.0,2019. 8. 16.,"['리얼', '사운드', '가슴', '플라이', '통닭', '운동', '시장', '체스트']"
191,ASMR | Tteokbokki & Crispy Chicken EATING SOUNDS! | 허니콤보 신전떡볶이 흑당버블티 이팅사운드 노토킹,147926.0,2600.0,62.0,201.0,2019. 8. 15.,"['사운드', '흑당', '버블', '떡볶이', '허니콤', '신전']"
192,"교촌 허니콤보에 신전떡볶이, 흑당버블티 리얼사운드 먹방! | Honey combo chicken, Spicy tteokbokki EATING SHOW! MUKBANG!",1179241.0,18000.0,417.0,1517.0,2019. 8. 14.,"['리얼', '사운드', '흑당', '버블', '떡볶이', '허니콤', '신전']"
193,고추가루 듬뿍!! 짜파게티 포커스 먹방! | 리얼사운드 | JJAPAGETTI EATING SHOW! FOCUS MUKBANG!! NOODLES,203698.0,3300.0,106.0,420.0,2019. 8. 13.,"['포커스', '리얼', '사운드', '가루', '고추']"
194,ASMR SPICY MALA STEAMED MONKFISH EATING SOUND! | 마라 아구찜 이팅사운드 먹방 노토킹,58050.0,100.0,23.0,84.0,2019. 8. 12.,"['아구', '사운드', '마라']"
195,맛있다! 마라 아구찜 리얼사운드 먹방! | SPICY MALA STEAMED MONKFISH EATING SHOW! MUKBANG!,130884.0,2400.0,35.0,207.0,2019. 8. 11.,"['아구', '리얼', '사운드', '마라']"
196,매콤한 쭈꾸미볶음에 흰 쌀밥 포커스 먹방! | SPICY WEBFOOT OCTOPUS EATING SHOW! FOCUS MUKBANG!,94677.0,1900.0,64.0,265.0,2019. 8. 10.,"['쭈꾸미', '포커스', '쌀밥', '볶음']"
197,ASMR MALTESERS IN HOT CREAM EATING SOUNDS ! | 따뜻한 생크림에 몰티져스 말아먹는 이팅사운드 노토킹,128792.0,200.0,58.0,170.0,2019. 8. 9.,"['사운드', '생크림']"
198,따끈한 생크림에 몰티져스 듬뿍 리얼사운드 먹방! | 맛은 솔직히 말씀드리면... | MALTESERS IN HOT CREAM EATING SHOW! MUKBANG!,1842296.0,22000.0,540.0,2412.0,2019. 8. 8.,"['리얼', '사운드', '생크림']"
199,운동 후 통소세지 불닭볶음밥| 매운음식의 다이어트 효과?! | 어깨깡패 되는 법,216575.0,300.0,80.0,265.0,2019. 8. 6.,"['효과', '볶음밥', '깡패', '운동', '소세지', '어깨', '음식', '다이어트']"
